{
  "accuracy": 0.47560974955558777,
  "loss": 0.09829910844564438,
  "val_accuracy": 0.24390244483947754,
  "val_loss": 0.11936948448419571,
  "epoch": 38,
  "global_step": 234
}